Outcome,Model,Imputation,Artifact,Patient key field,Variables,Parameters
3_month,Logistic regression,1,3_month_Logistic_regression_MI_1.joblib,patient_key,alsfrsr_total | fss_total | psqi_total | 检验_白蛋白_首次 | InBody_相位角_首次 | 检验_淋巴细胞绝对值_首次 | log1p_NLR,"{""C"": 0.1, ""class_weight"": null}"
3_month,Logistic regression,2,3_month_Logistic_regression_MI_2.joblib,patient_key,alsfrsr_total | fss_total | psqi_total | 检验_白蛋白_首次 | InBody_相位角_首次 | 检验_淋巴细胞绝对值_首次 | log1p_NLR,"{""C"": 0.1, ""class_weight"": null}"
3_month,Logistic regression,3,3_month_Logistic_regression_MI_3.joblib,patient_key,alsfrsr_total | fss_total | psqi_total | 检验_白蛋白_首次 | InBody_相位角_首次 | 检验_淋巴细胞绝对值_首次 | log1p_NLR,"{""C"": 0.1, ""class_weight"": null}"
3_month,Logistic regression,4,3_month_Logistic_regression_MI_4.joblib,patient_key,alsfrsr_total | fss_total | psqi_total | 检验_白蛋白_首次 | InBody_相位角_首次 | 检验_淋巴细胞绝对值_首次 | log1p_NLR,"{""C"": 0.1, ""class_weight"": null}"
3_month,Logistic regression,5,3_month_Logistic_regression_MI_5.joblib,patient_key,alsfrsr_total | fss_total | psqi_total | 检验_白蛋白_首次 | InBody_相位角_首次 | 检验_淋巴细胞绝对值_首次 | log1p_NLR,"{""C"": 0.1, ""class_weight"": null}"
3_month,Logistic regression,6,3_month_Logistic_regression_MI_6.joblib,patient_key,alsfrsr_total | fss_total | psqi_total | 检验_白蛋白_首次 | InBody_相位角_首次 | 检验_淋巴细胞绝对值_首次 | log1p_NLR,"{""C"": 0.1, ""class_weight"": null}"
3_month,Logistic regression,7,3_month_Logistic_regression_MI_7.joblib,patient_key,alsfrsr_total | fss_total | psqi_total | 检验_白蛋白_首次 | InBody_相位角_首次 | 检验_淋巴细胞绝对值_首次 | log1p_NLR,"{""C"": 0.1, ""class_weight"": null}"
3_month,Logistic regression,8,3_month_Logistic_regression_MI_8.joblib,patient_key,alsfrsr_total | fss_total | psqi_total | 检验_白蛋白_首次 | InBody_相位角_首次 | 检验_淋巴细胞绝对值_首次 | log1p_NLR,"{""C"": 0.1, ""class_weight"": null}"
3_month,Logistic regression,9,3_month_Logistic_regression_MI_9.joblib,patient_key,alsfrsr_total | fss_total | psqi_total | 检验_白蛋白_首次 | InBody_相位角_首次 | 检验_淋巴细胞绝对值_首次 | log1p_NLR,"{""C"": 0.1, ""class_weight"": null}"
3_month,Logistic regression,10,3_month_Logistic_regression_MI_10.joblib,patient_key,alsfrsr_total | fss_total | psqi_total | 检验_白蛋白_首次 | InBody_相位角_首次 | 检验_淋巴细胞绝对值_首次 | log1p_NLR,"{""C"": 0.1, ""class_weight"": null}"
3_month,Logistic regression,11,3_month_Logistic_regression_MI_11.joblib,patient_key,alsfrsr_total | fss_total | psqi_total | 检验_白蛋白_首次 | InBody_相位角_首次 | 检验_淋巴细胞绝对值_首次 | log1p_NLR,"{""C"": 0.1, ""class_weight"": null}"
3_month,Logistic regression,12,3_month_Logistic_regression_MI_12.joblib,patient_key,alsfrsr_total | fss_total | psqi_total | 检验_白蛋白_首次 | InBody_相位角_首次 | 检验_淋巴细胞绝对值_首次 | log1p_NLR,"{""C"": 0.1, ""class_weight"": null}"
3_month,Logistic regression,13,3_month_Logistic_regression_MI_13.joblib,patient_key,alsfrsr_total | fss_total | psqi_total | 检验_白蛋白_首次 | InBody_相位角_首次 | 检验_淋巴细胞绝对值_首次 | log1p_NLR,"{""C"": 0.1, ""class_weight"": null}"
3_month,Logistic regression,14,3_month_Logistic_regression_MI_14.joblib,patient_key,alsfrsr_total | fss_total | psqi_total | 检验_白蛋白_首次 | InBody_相位角_首次 | 检验_淋巴细胞绝对值_首次 | log1p_NLR,"{""C"": 0.1, ""class_weight"": null}"
3_month,Logistic regression,15,3_month_Logistic_regression_MI_15.joblib,patient_key,alsfrsr_total | fss_total | psqi_total | 检验_白蛋白_首次 | InBody_相位角_首次 | 检验_淋巴细胞绝对值_首次 | log1p_NLR,"{""C"": 0.1, ""class_weight"": null}"
3_month,Logistic regression,16,3_month_Logistic_regression_MI_16.joblib,patient_key,alsfrsr_total | fss_total | psqi_total | 检验_白蛋白_首次 | InBody_相位角_首次 | 检验_淋巴细胞绝对值_首次 | log1p_NLR,"{""C"": 0.1, ""class_weight"": null}"
3_month,Logistic regression,17,3_month_Logistic_regression_MI_17.joblib,patient_key,alsfrsr_total | fss_total | psqi_total | 检验_白蛋白_首次 | InBody_相位角_首次 | 检验_淋巴细胞绝对值_首次 | log1p_NLR,"{""C"": 0.1, ""class_weight"": null}"
3_month,Logistic regression,18,3_month_Logistic_regression_MI_18.joblib,patient_key,alsfrsr_total | fss_total | psqi_total | 检验_白蛋白_首次 | InBody_相位角_首次 | 检验_淋巴细胞绝对值_首次 | log1p_NLR,"{""C"": 0.1, ""class_weight"": null}"
3_month,Logistic regression,19,3_month_Logistic_regression_MI_19.joblib,patient_key,alsfrsr_total | fss_total | psqi_total | 检验_白蛋白_首次 | InBody_相位角_首次 | 检验_淋巴细胞绝对值_首次 | log1p_NLR,"{""C"": 0.1, ""class_weight"": null}"
3_month,Logistic regression,20,3_month_Logistic_regression_MI_20.joblib,patient_key,alsfrsr_total | fss_total | psqi_total | 检验_白蛋白_首次 | InBody_相位角_首次 | 检验_淋巴细胞绝对值_首次 | log1p_NLR,"{""C"": 0.1, ""class_weight"": null}"
6_month,XGBoost,1,6_month_XGBoost_MI_1.joblib,patient_key,alsfrsr_total | fss_total | psqi_total | log1p_NLR | 检验_白蛋白_首次 | 检验_血红蛋白_首次 | 检验_淋巴细胞绝对值_首次 | 基线_年龄（岁）：,"{""colsample_bytree"": 0.8, ""learning_rate"": 0.03, ""max_depth"": 2, ""min_child_weight"": 1, ""subsample"": 0.8}"
6_month,XGBoost,2,6_month_XGBoost_MI_2.joblib,patient_key,alsfrsr_total | fss_total | psqi_total | log1p_NLR | 检验_白蛋白_首次 | 检验_血红蛋白_首次 | 检验_淋巴细胞绝对值_首次 | 基线_年龄（岁）：,"{""colsample_bytree"": 0.8, ""learning_rate"": 0.03, ""max_depth"": 2, ""min_child_weight"": 1, ""subsample"": 0.8}"
6_month,XGBoost,3,6_month_XGBoost_MI_3.joblib,patient_key,alsfrsr_total | fss_total | psqi_total | log1p_NLR | 检验_白蛋白_首次 | 检验_血红蛋白_首次 | 检验_淋巴细胞绝对值_首次 | 基线_年龄（岁）：,"{""colsample_bytree"": 0.8, ""learning_rate"": 0.03, ""max_depth"": 2, ""min_child_weight"": 1, ""subsample"": 0.8}"
6_month,XGBoost,4,6_month_XGBoost_MI_4.joblib,patient_key,alsfrsr_total | fss_total | psqi_total | log1p_NLR | 检验_白蛋白_首次 | 检验_血红蛋白_首次 | 检验_淋巴细胞绝对值_首次 | 基线_年龄（岁）：,"{""colsample_bytree"": 0.8, ""learning_rate"": 0.03, ""max_depth"": 2, ""min_child_weight"": 1, ""subsample"": 0.8}"
6_month,XGBoost,5,6_month_XGBoost_MI_5.joblib,patient_key,alsfrsr_total | fss_total | psqi_total | log1p_NLR | 检验_白蛋白_首次 | 检验_血红蛋白_首次 | 检验_淋巴细胞绝对值_首次 | 基线_年龄（岁）：,"{""colsample_bytree"": 0.8, ""learning_rate"": 0.03, ""max_depth"": 2, ""min_child_weight"": 1, ""subsample"": 0.8}"
6_month,XGBoost,6,6_month_XGBoost_MI_6.joblib,patient_key,alsfrsr_total | fss_total | psqi_total | log1p_NLR | 检验_白蛋白_首次 | 检验_血红蛋白_首次 | 检验_淋巴细胞绝对值_首次 | 基线_年龄（岁）：,"{""colsample_bytree"": 0.8, ""learning_rate"": 0.03, ""max_depth"": 2, ""min_child_weight"": 1, ""subsample"": 0.8}"
6_month,XGBoost,7,6_month_XGBoost_MI_7.joblib,patient_key,alsfrsr_total | fss_total | psqi_total | log1p_NLR | 检验_白蛋白_首次 | 检验_血红蛋白_首次 | 检验_淋巴细胞绝对值_首次 | 基线_年龄（岁）：,"{""colsample_bytree"": 0.8, ""learning_rate"": 0.03, ""max_depth"": 2, ""min_child_weight"": 1, ""subsample"": 0.8}"
6_month,XGBoost,8,6_month_XGBoost_MI_8.joblib,patient_key,alsfrsr_total | fss_total | psqi_total | log1p_NLR | 检验_白蛋白_首次 | 检验_血红蛋白_首次 | 检验_淋巴细胞绝对值_首次 | 基线_年龄（岁）：,"{""colsample_bytree"": 0.8, ""learning_rate"": 0.03, ""max_depth"": 2, ""min_child_weight"": 1, ""subsample"": 0.8}"
6_month,XGBoost,9,6_month_XGBoost_MI_9.joblib,patient_key,alsfrsr_total | fss_total | psqi_total | log1p_NLR | 检验_白蛋白_首次 | 检验_血红蛋白_首次 | 检验_淋巴细胞绝对值_首次 | 基线_年龄（岁）：,"{""colsample_bytree"": 0.8, ""learning_rate"": 0.03, ""max_depth"": 2, ""min_child_weight"": 1, ""subsample"": 0.8}"
6_month,XGBoost,10,6_month_XGBoost_MI_10.joblib,patient_key,alsfrsr_total | fss_total | psqi_total | log1p_NLR | 检验_白蛋白_首次 | 检验_血红蛋白_首次 | 检验_淋巴细胞绝对值_首次 | 基线_年龄（岁）：,"{""colsample_bytree"": 0.8, ""learning_rate"": 0.03, ""max_depth"": 2, ""min_child_weight"": 1, ""subsample"": 0.8}"
6_month,XGBoost,11,6_month_XGBoost_MI_11.joblib,patient_key,alsfrsr_total | fss_total | psqi_total | log1p_NLR | 检验_白蛋白_首次 | 检验_血红蛋白_首次 | 检验_淋巴细胞绝对值_首次 | 基线_年龄（岁）：,"{""colsample_bytree"": 0.8, ""learning_rate"": 0.03, ""max_depth"": 2, ""min_child_weight"": 1, ""subsample"": 0.8}"
6_month,XGBoost,12,6_month_XGBoost_MI_12.joblib,patient_key,alsfrsr_total | fss_total | psqi_total | log1p_NLR | 检验_白蛋白_首次 | 检验_血红蛋白_首次 | 检验_淋巴细胞绝对值_首次 | 基线_年龄（岁）：,"{""colsample_bytree"": 0.8, ""learning_rate"": 0.03, ""max_depth"": 2, ""min_child_weight"": 1, ""subsample"": 0.8}"
6_month,XGBoost,13,6_month_XGBoost_MI_13.joblib,patient_key,alsfrsr_total | fss_total | psqi_total | log1p_NLR | 检验_白蛋白_首次 | 检验_血红蛋白_首次 | 检验_淋巴细胞绝对值_首次 | 基线_年龄（岁）：,"{""colsample_bytree"": 0.8, ""learning_rate"": 0.03, ""max_depth"": 2, ""min_child_weight"": 1, ""subsample"": 0.8}"
6_month,XGBoost,14,6_month_XGBoost_MI_14.joblib,patient_key,alsfrsr_total | fss_total | psqi_total | log1p_NLR | 检验_白蛋白_首次 | 检验_血红蛋白_首次 | 检验_淋巴细胞绝对值_首次 | 基线_年龄（岁）：,"{""colsample_bytree"": 0.8, ""learning_rate"": 0.03, ""max_depth"": 2, ""min_child_weight"": 1, ""subsample"": 0.8}"
6_month,XGBoost,15,6_month_XGBoost_MI_15.joblib,patient_key,alsfrsr_total | fss_total | psqi_total | log1p_NLR | 检验_白蛋白_首次 | 检验_血红蛋白_首次 | 检验_淋巴细胞绝对值_首次 | 基线_年龄（岁）：,"{""colsample_bytree"": 0.8, ""learning_rate"": 0.03, ""max_depth"": 2, ""min_child_weight"": 1, ""subsample"": 0.8}"
6_month,XGBoost,16,6_month_XGBoost_MI_16.joblib,patient_key,alsfrsr_total | fss_total | psqi_total | log1p_NLR | 检验_白蛋白_首次 | 检验_血红蛋白_首次 | 检验_淋巴细胞绝对值_首次 | 基线_年龄（岁）：,"{""colsample_bytree"": 0.8, ""learning_rate"": 0.03, ""max_depth"": 2, ""min_child_weight"": 1, ""subsample"": 0.8}"
6_month,XGBoost,17,6_month_XGBoost_MI_17.joblib,patient_key,alsfrsr_total | fss_total | psqi_total | log1p_NLR | 检验_白蛋白_首次 | 检验_血红蛋白_首次 | 检验_淋巴细胞绝对值_首次 | 基线_年龄（岁）：,"{""colsample_bytree"": 0.8, ""learning_rate"": 0.03, ""max_depth"": 2, ""min_child_weight"": 1, ""subsample"": 0.8}"
6_month,XGBoost,18,6_month_XGBoost_MI_18.joblib,patient_key,alsfrsr_total | fss_total | psqi_total | log1p_NLR | 检验_白蛋白_首次 | 检验_血红蛋白_首次 | 检验_淋巴细胞绝对值_首次 | 基线_年龄（岁）：,"{""colsample_bytree"": 0.8, ""learning_rate"": 0.03, ""max_depth"": 2, ""min_child_weight"": 1, ""subsample"": 0.8}"
6_month,XGBoost,19,6_month_XGBoost_MI_19.joblib,patient_key,alsfrsr_total | fss_total | psqi_total | log1p_NLR | 检验_白蛋白_首次 | 检验_血红蛋白_首次 | 检验_淋巴细胞绝对值_首次 | 基线_年龄（岁）：,"{""colsample_bytree"": 0.8, ""learning_rate"": 0.03, ""max_depth"": 2, ""min_child_weight"": 1, ""subsample"": 0.8}"
6_month,XGBoost,20,6_month_XGBoost_MI_20.joblib,patient_key,alsfrsr_total | fss_total | psqi_total | log1p_NLR | 检验_白蛋白_首次 | 检验_血红蛋白_首次 | 检验_淋巴细胞绝对值_首次 | 基线_年龄（岁）：,"{""colsample_bytree"": 0.8, ""learning_rate"": 0.03, ""max_depth"": 2, ""min_child_weight"": 1, ""subsample"": 0.8}"
