Artifact,SHA256,Load test passed,Details,Canonical copy
3_month_Logistic_regression_MI_1.joblib,164ca1fe3f22c065281bab4dc010d42032171556bb2a1869778e23e23f802725,True,loaded,3month_logistic_MI01.pkl
3_month_Logistic_regression_MI_10.joblib,b808430db9f4db5bc28b0a53db60312a8cd3c6d6096effe337051c99775d3451,True,loaded,3month_logistic_MI10.pkl
3_month_Logistic_regression_MI_11.joblib,b2088a7d270737e0f72ab1afdf3ce6c50a3012f968921566968db519c0b75f48,True,loaded,3month_logistic_MI11.pkl
3_month_Logistic_regression_MI_12.joblib,9718ab96023add6dd0b8da33988391b59bf1459760bc94a35d9a91c7d2c23ed1,True,loaded,3month_logistic_MI12.pkl
3_month_Logistic_regression_MI_13.joblib,70d85d5ef2993f376192b2bde09facf85e5a52b4bde11e1a559c64636d52a6f8,True,loaded,3month_logistic_MI13.pkl
3_month_Logistic_regression_MI_14.joblib,8c42650e8d983a772a13b97c07e46bfa37b752eed9f40f6ce23394d3faed3303,True,loaded,3month_logistic_MI14.pkl
3_month_Logistic_regression_MI_15.joblib,f983c094dc9d9d65a945671cbd7bd034f35d54cea4a09d75d6fcef1fa60f6ece,True,loaded,3month_logistic_MI15.pkl
3_month_Logistic_regression_MI_16.joblib,91963d47b7128ef3117dcdee0c1237a7893a9ea581138582ef72175fd33a16aa,True,loaded,3month_logistic_MI16.pkl
3_month_Logistic_regression_MI_17.joblib,1eef83d6d82690ade64d0bb34253a381506ab53a2688bbc6e76e5c1aabfce0cc,True,loaded,3month_logistic_MI17.pkl
3_month_Logistic_regression_MI_18.joblib,52ed9dc02e64e4ccb9625cbc15e9b6276e92a4354e12b3232e26e310e019d2bd,True,loaded,3month_logistic_MI18.pkl
3_month_Logistic_regression_MI_19.joblib,c2134d8b707a2d6ca660125f59293901789dd6676cb3c59060ca8ec6bda82222,True,loaded,3month_logistic_MI19.pkl
3_month_Logistic_regression_MI_2.joblib,1cba77852a26536f660a7bcb4d798980bcac28d4b58640ba108600c054187020,True,loaded,3month_logistic_MI02.pkl
3_month_Logistic_regression_MI_20.joblib,77bb80fdb59cafe5e723fafe3df036a7adef5063e9e004ad050efcbc9dd72ad8,True,loaded,3month_logistic_MI20.pkl
3_month_Logistic_regression_MI_3.joblib,619971ee3c97bc9e5d5ef109344f0f37cbd647cb61b67cc9856f7b08f73b7e9e,True,loaded,3month_logistic_MI03.pkl
3_month_Logistic_regression_MI_4.joblib,fa4aa2b1430e2fa085fed4ee3d0ef326236eb5c3c0bce17ce43d024172f88a8c,True,loaded,3month_logistic_MI04.pkl
3_month_Logistic_regression_MI_5.joblib,bc856e6bfc7b5c436f0299fad1e0cfac4c7368e9d784e1cbc1a4615cc72e4162,True,loaded,3month_logistic_MI05.pkl
3_month_Logistic_regression_MI_6.joblib,5e5489c79ac5ad7c5f12f8ff1f2fb1f64285b4eee97a37881993fe8b5af5f91a,True,loaded,3month_logistic_MI06.pkl
3_month_Logistic_regression_MI_7.joblib,717a7d99e01cf7f84cd1303bbf843ce65530547ab81433eed3c95e64812c5947,True,loaded,3month_logistic_MI07.pkl
3_month_Logistic_regression_MI_8.joblib,e1fbd342bd490d32aa51420c70c950135bdecfb7665c5b74a313f5cc953f3628,True,loaded,3month_logistic_MI08.pkl
3_month_Logistic_regression_MI_9.joblib,544b9e768917389baea32f13bb62508096954a48190522d231eecf685690af0b,True,loaded,3month_logistic_MI09.pkl
6_month_XGBoost_MI_1.joblib,5974e42c6c74ad1ae000dfc2975451d962f303e90a282fbf76a06a97451c418c,True,loaded,6month_xgboost_MI01.pkl
6_month_XGBoost_MI_10.joblib,ab2d30019d54d1cd893f4de6fb1ec065f963a39e5aaa98508b61230f2c6cf05d,True,loaded,6month_xgboost_MI10.pkl
6_month_XGBoost_MI_11.joblib,bad8227c8a18fd389644192a623a328ccdf428fb29e350380446d63a6f45aaa5,True,loaded,6month_xgboost_MI11.pkl
6_month_XGBoost_MI_12.joblib,8aca2feafb6670575fa9d472ebec4a0203eaccbbadd2d0435eaf8573c0d6d42b,True,loaded,6month_xgboost_MI12.pkl
6_month_XGBoost_MI_13.joblib,324ea705d426430523ccd1e7d9dde7a635af6cc4643dc05890bf2ae0299d40d2,True,loaded,6month_xgboost_MI13.pkl
6_month_XGBoost_MI_14.joblib,6366126edc05bb66dd6eb81540b5b4840957fd3752755e03606a5735c3d43017,True,loaded,6month_xgboost_MI14.pkl
6_month_XGBoost_MI_15.joblib,d1594cfe14366ec732e36efcf4e36396e32fe6db3cc3368ec70e4a5680187771,True,loaded,6month_xgboost_MI15.pkl
6_month_XGBoost_MI_16.joblib,a04401b2013e6c9e7c87f7cc6daa98b8d40c65068e6da95966c346ef0cb6c007,True,loaded,6month_xgboost_MI16.pkl
6_month_XGBoost_MI_17.joblib,be95bafa96f4df91e717aa5b7d6ab1ab68fe326446b2c8821934b7a365bb5c06,True,loaded,6month_xgboost_MI17.pkl
6_month_XGBoost_MI_18.joblib,4b6ffa0267306e9743eb0d94970e4869a0c250cba6cd9553c7b1b896731b5b0a,True,loaded,6month_xgboost_MI18.pkl
6_month_XGBoost_MI_19.joblib,79d9a87a30dbd7d529eb317973ceeaea86328bf37ea00b6e84615bb98cf28ef6,True,loaded,6month_xgboost_MI19.pkl
6_month_XGBoost_MI_2.joblib,783466142802ba3934f447f087a4d25dfcc834321335b60830f854991b8e6f32,True,loaded,6month_xgboost_MI02.pkl
6_month_XGBoost_MI_20.joblib,c7645ca4bf6e9f5727f9a2c4fa5d3ffcfe266d2a09c23dd176ebe94ec2a172af,True,loaded,6month_xgboost_MI20.pkl
6_month_XGBoost_MI_3.joblib,9f5f8fc7f7c573a22a1ce4273fc2912b187604495d646427e7bcab64ad8c7cf7,True,loaded,6month_xgboost_MI03.pkl
6_month_XGBoost_MI_4.joblib,38bb9446381c0a5ac679b3e18176c4450c0df2f9d60cf0861ed6f44d9e68cbbb,True,loaded,6month_xgboost_MI04.pkl
6_month_XGBoost_MI_5.joblib,0469488ed445232f774cecfc47d5a3697f6f6a925ae38c77171530dfce55c636,True,loaded,6month_xgboost_MI05.pkl
6_month_XGBoost_MI_6.joblib,e83bd9208df6994f947a4ef79625da4d2dfbfc40c394c4282f95205516c7552f,True,loaded,6month_xgboost_MI06.pkl
6_month_XGBoost_MI_7.joblib,8b23619d7ecc470756623995ad15072d44a3cdb5350833af83e0793d00bfb273,True,loaded,6month_xgboost_MI07.pkl
6_month_XGBoost_MI_8.joblib,a1c6ca4aa5161f47ecf024c170dbf44cc76ced5c5b64b433f598c8074e9ccb23,True,loaded,6month_xgboost_MI08.pkl
6_month_XGBoost_MI_9.joblib,d7dbb57646efcc5b75d707da67a25b3d0dbde1d3364facf8304bfd03cfc78cd8,True,loaded,6month_xgboost_MI09.pkl
